publish_date,headline_text
2/5/2024,a positive earnings picture remains 0
2/5/2024,a positive earnings picture remains
2/5/2024,after hours most active for may 1 2024 %3A lyft pfe rtx tlt gold csco qqq aapl googl ko cvna
2/5/2024,will apple beat on q2 earnings amid iphone slump etfs in focus
2/5/2024,cloudflare net to report q1 earnings%3A whats in store 0
2/5/2024,will solid mac sales services aid apples aapl q2 earnings
2/5/2024,is a surprise coming for apple aapl this earnings season 2
2/5/2024,apple earnings preview%3A should you buy aapl stock ahead of thursdays q2 report
2/5/2024,cord cutting 2.0%3A cause for worry
2/5/2024,how consumer demand is impacting taiwan semiconductor manufacturing co.
2/5/2024,aapl factor based stock analysis warren buffett 17
2/5/2024,is wisdomtree u.s. quality dividend growth etf dgrw a strong etf right now 12
2/5/2024,is flexshares quality dividend defensive etf qdef a strong etf right now 2
2/5/2024,should spdr portfolio sp 500 growth etf spyg be on your investing radar 12
2/5/2024,will apple be a trillion dollar stock by 2035
2/5/2024,1 unique sp 500 etf that could be a great buy now
2/5/2024,is apple stock going to %24195 1 wall street analyst thinks so.
2/5/2024,bull of the day%3A alphabet googl 0
2/5/2024,2 underperforming dow stocks that morgan stanley recommends buying now
1/5/2024,beats unveils solo 4 headphones solo buds earphones
1/5/2024,shhh 3 secret augmented reality stocks flying below wall streets radar
1/5/2024,q1 earnings season scorecard and fresh research reports for apple walmart chevron
1/5/2024,why this could be a massive week for nvidia stock investors
1/5/2024,this weeks must see big cap earnings charts
1/5/2024,aapl quantitative stock analysis warren buffett 18
1/5/2024,sp futures tick lower ahead of fomc meeting u.s. economic data and amazon earnings in
1/5/2024,3 ai stocks that could make you a fortune if you dare
1/5/2024,should invesco sp 500 top 50 etf xlg be on your investing radar 13
1/5/2024,should invesco qqq qqq be on your investing radar 12
1/5/2024,should fidelity value factor etf fval be on your investing radar 2
1/5/2024,is ishares esg aware msci usa etf esgu a strong etf right now 12
1/5/2024,wells fargo and hertz global have been highlighted as zacks bull and bear of the day
1/5/2024,5 of the magnificent seven stocks pay a dividend. in mere hours a new member may join the
1/5/2024,stock market news for apr 30 2024
30/4/2024,bernstein upgrades apple aapl
30/4/2024,after hours most active for apr 29 2024 %3A pfe snap pbr aapl googl amzn para key vxus pcg
30/4/2024,technology sector update for 04 29 2024%3A cslr aapl meta auud
30/4/2024,notable monday option activity%3A dks dcph aapl
30/4/2024,apple earnings%3A time to take a bite
30/4/2024,iphone 16 series designs revealed in new leak
30/4/2024,technology sector update for 04 29 2024%3A aapl meta auud
30/4/2024,will solid client datacenter aid amds q1 earnings growth
30/4/2024,should you buy apple aapl stock ahead of q2 earnings
30/4/2024,big tech powers sp 500s best week of 2024%3A 5 etf winners
30/4/2024,wall street to start a very crucial week
30/4/2024,mark zuckerberg is trying the bill gates playbook
30/4/2024,dow movers%3A intc aapl 0
30/4/2024,pre market futures up ahead of a busy week
30/4/2024,can amzn stock join the %242 trillion club after amazons q2 earnings
30/4/2024,unlocking q2 potential of apple aapl%3A exploring wall street estimates for key metrics
30/4/2024,3 magnificent growth etfs every investor under 40 should own
30/4/2024,technology sector update for 04 29 2024%3A aapl jks dq xlk xsd
30/4/2024,heres how much stock apple repurchased in the past year
30/4/2024,option volatility and earnings report for april 29 may 3
30/4/2024,in the past 3 years meta platforms lost %2442 billion in this under the radar segment.
30/4/2024,warren buffett owns over %242 billion of this forever stock%3A is it a no brainer buy after
30/4/2024,3 things you need to know about exxonmobils dividend
30/4/2024,5 leveraged etf winners on sp 500s best week since november
30/4/2024,stocks set to open higher as investors await u.s. jobs data and more big tech earnings fed
30/4/2024,should vanguard growth etf vug be on your investing radar 12
30/4/2024,is vanguard dividend appreciation etf vig a strong etf right now 11
30/4/2024,should wisdomtree u.s. largecap etf eps be on your investing radar 13
30/4/2024,is vanguard dividend appreciation etf vig a strong etf right now 11
30/4/2024,should wisdomtree u.s. largecap etf eps be on your investing radar 13
30/4/2024,apple earnings preview%3A is aapl stock a buy ahead of the may 2 report
30/4/2024,apple and amazon earnings%3A tech stocks to buy for breakouts and long term upside
30/4/2024,prediction%3A this will be warren buffetts second biggest holding after apple by 2027
30/4/2024,billionaires are selling nvidia stock and buying this supercharged ai index fund instead
30/4/2024,4 artificial intelligence ai stocks members of congress cant stop buying and nvidia isnt 1
30/4/2024,fomc earnings and other cant miss items this week
29/4/2024,3 reasons to buy apple stock like theres no tomorrow
29/4/2024,guru fundamental report for aapl warren buffett 83
29/4/2024,artificial intelligence could propel this magnificent seven stock 33 higher a wall street
29/4/2024,weekly preview earnings to watch this week aapl amzn sq
29/4/2024,2 beaten down dividend stocks to buy and hold forever
29/4/2024,if you invested %2410000 in warren buffetts top 3 stocks 10 years ago this is how much youd
29/4/2024,hold on tight to tesla stock or bail out lets decode musks latest promises.
29/4/2024,former house speaker nancy pelosi nearly tripled the sp 500s returns in 2023%3A here are the
29/4/2024,almost half of warren buffetts %24374 billion portfolio is invested in only 1 stock
29/4/2024,the top 3 ai stocks to buy in april 2024
28/4/2024,3 stocks to invest %2430000 in right now
28/4/2024,a once in a generation investment opportunity%3A 1 bill ackman artificial intelligence ai
28/4/2024,1 powerhouse growth etf im buying and holding forever
28/4/2024,the magnificent seven day of reckoning has arrived%3A three moves to make now
28/4/2024,metas ai bet and trusting mark zuckerberg
28/4/2024,3 top warren buffett stocks to buy in this bull market
28/4/2024,this is the only faang stock lawmakers on capitol hill were net buyers of last year
28/4/2024,worried about a stock market sell off buy this magnificent seven stock
28/4/2024,after apple stock has skyrocketed 527 why does warren buffett still own it
28/4/2024,1 monster stock opportunity in the global chip shortage
28/4/2024,fiverr is my top artificial intelligence ai stock to buy now. heres why.
27/4/2024,3 top artificial intelligence ai stocks that billionaires jim simons ray dalio and israel
27/4/2024,2 stocks down 21 and 34 to buy right now
27/4/2024,time to buy the surge in alphabets googl stock after earnings
27/4/2024,techs biggest comeback 3 stocks to buy for the epic rebound.
27/4/2024,should you buy apple stock before earnings
27/4/2024,after hours most active for apr 26 2024 %3A snap pfe vz bac t aapl jci csco amzn msft sqqq
27/4/2024,apple removed ai apps from its appstore which promoted creating non consensual nude images
27/4/2024,can this magnificent 7 underperformer climb as high as it did last year
27/4/2024,apple reports after the close on 5 2 options contracts expire the next day
27/4/2024,qqq msft aapl nvda%3A large inflows detected at etf 0
27/4/2024,buy the dip%3A a magnificent 7 stock morgan stanley recommends
27/4/2024,want better returns dont ignore these 2 computer and technology stocks set to beat 20
27/4/2024,sirius xm siri to report q1 earnings%3A whats in store
27/4/2024,warren buffett detailed fundamental analysis aapl 21
27/4/2024,3 silicon valley stocks set to soar with massive buybacks in 2024
27/4/2024,zacks market edge highlights%3A spy voo splg microsoft and apple
27/4/2024,3 stocks to cash in on ai without investing in nvidia
27/4/2024,should fidelity nasdaq composite index etf oneq be on your investing radar 11
27/4/2024,should sofi select 500 etf sfy be on your investing radar 2
27/4/2024,cathie wood expects this red hot cryptocurrency to soar by 5600 but 1 member of congress
27/4/2024,1 unstoppable stock that could join microsoft apple nvidia alphabet amazon and meta in 1
27/4/2024,how will amds ai business fare in q1
26/4/2024,technology sector update for 04 25 2024%3A rbrk aapl meta ibm hcp
26/4/2024,apple releases open source llms to run on device
26/4/2024,what is the best sp 500 etf to buy 0
26/4/2024,have %24500 4 absurdly cheap stocks long term investors should buy right now
26/4/2024,apple aapl expected to beat earnings estimates%3A should you buy
26/4/2024,why investors need to take advantage of these 2 computer and technology stocks now 41
26/4/2024,guru fundamental report for aapl warren buffett 82
26/4/2024,should vanguard mega cap etf mgc be on your investing radar 13
26/4/2024,should vanguard sp 500 etf voo be on your investing radar 13
26/4/2024,should fidelity quality factor etf fqal be on your investing radar 2
26/4/2024,this spectacular vanguard etf could turn %24250 per month into %24873700 with help from
26/4/2024,china in focus as apple reports q2 results
24/4/2024,after hours most active for apr 24 2024 %3A f meta sqqq wbd qqq pten atmu aapl bac et ni pfe
24/4/2024,technology sector update for 04 24 2024%3A aapl fslr nvda tdy
24/4/2024,is intel stock a buy 0
24/4/2024,whats in store for microsoft etfs this earnings season
24/4/2024,tesla just shared some spectacular news for nvidia stock investors
24/4/2024,apple stock has 35 upside according to 1 wall street analyst
24/4/2024,bear put spread screener results for april 24th
24/4/2024,the zacks analyst blog highlights meta platforms amazon.com pdd holdings and apple
24/4/2024,aapl factor based stock analysis warren buffett 16
24/4/2024,3 underperforming u.s. stocks with big china upside
24/4/2024,should spdr sp 500 etf spy be on your investing radar 12
24/4/2024,should ishares russell top 200 growth etf iwy be on your investing radar 13
24/4/2024,is flexshares quality dividend etf qdf a strong etf right now 2
24/4/2024,3 non gamestop stocks to buy for the future of gaming
24/4/2024,these are the 10 high profile stocks u.s. politicians have gravitated to most over the
24/4/2024,meet the 3 magnificent seven stocks members of congress cant stop selling
24/4/2024,could amd stock help you become a millionaire 0
24/4/2024,should you buy this beaten down ai stock for its 4 dividend yield
23/4/2024,after hours most active for apr 23 2024 %3A tsla aapl syf t tsll intc qqq mo amzn uber mro
23/4/2024,technology sector update for 04 23 2024%3A hcp ibm spwr aapl spot
23/4/2024,aapl quantitative stock analysis warren buffett 17
23/4/2024,technology sector update for 04 23 2024%3A aapl nvda spot
23/4/2024,dow analyst moves%3A aapl 9
23/4/2024,apple stock has 27 upside according to 1 wall street analyst 0
23/4/2024,will apple aapl beat estimates again in its next earnings report 1
23/4/2024,apple etfs in tug of war ahead of q2 earnings
23/4/2024,roku gears up to report q1 earnings%3A heres what to expect
23/4/2024,buffett favors vanguard sp 500 etf%3A should you 0
23/4/2024,stock market news for apr 23 2024
23/4/2024,stock market news for apr 23 2024 0
23/4/2024,magnificent meta a compelling buy ahead of q1 earnings
23/4/2024,1 no brainer vanguard fund to buy right now 0
23/4/2024,palantir stock at a crossroads%3A analyzing the risks and rewards for investors
23/4/2024,is franklin u.s. equity index etf uspx a strong etf right now 2
23/4/2024,should ishares core sp 500 etf ivv be on your investing radar 11
23/4/2024,3 blue chip stocks to buy at a 52 week low in april
23/4/2024,with smartphone market recovering what to expect from qualcomms q2 results
23/4/2024,unfortunate news for meta stock and apple stock investors
23/4/2024,3 artificial intelligence ai stocks that are screaming buys in april
22/4/2024,apple aapl increases yet falls behind market%3A what investors need to know 0
22/4/2024,spotify earnings preview%3A what you need to know
22/4/2024,3 energy stocks to buy pre earnings
22/4/2024,technology sector update for 04 22 2024%3A mttr csgp infa aapl
22/4/2024,apple acquires datakalab
22/4/2024,notable monday option activity%3A lvs aapl crm
22/4/2024,should you buy the dip in magnificent 7 etfs before q1 earnings
22/4/2024,whats in store for magnificent 7 stocks in q1 earnings
22/4/2024,nvidia stock was not the only semiconductor stock to plummet on friday time to buy
22/4/2024,assessing your microsoft msft stake ahead of q3 earnings
22/4/2024,can apple afford its %24108 billion in long term debt
22/4/2024,stock market news for apr 22 2024
22/4/2024,the zacks analyst blog highlights nvidia microsoft apple meta platforms and ubs
22/4/2024,investors heavily search apple inc. aapl%3A here is what you need to know 9
22/4/2024,etf winners amid last weeks record loss in magnificent 7
22/4/2024,should wisdomtree u.s. total dividend etf dtd be on your investing radar 12
22/4/2024,should vanguard sp 500 growth etf voog be on your investing radar 12
22/4/2024,is ishares core dividend growth etf dgro a strong etf right now 10
22/4/2024,meet the surprising oil stock lawmakers couldnt stop buying in 2023 hint%3A its not chevron
22/4/2024,its time to ditch these 2 magnificent seven stocks and replace them with 2 bona fide
22/4/2024,billionaire warren buffett has 50 of the berkshire hathaway portfolio in 1 stock
22/4/2024,could tsmc become the next nvidia
22/4/2024,3 secrets of 401k millionaires 8
21/4/2024,a brand new quant crypto tool is your key to financial freedom
21/4/2024,guru fundamental report for aapl warren buffett 81
21/4/2024,3 reasons to buy berkshire hathaway stock like theres no tomorrow
21/4/2024,stock split watch%3A is nvidia next 5
21/4/2024,why warren buffett has 68 of berkshire hathaways %24361 billion portfolio invested in only 4
21/4/2024,want a million dollar retirement fund investing %24300 per month in this magnificent etf
20/4/2024,better dividend stock buy%3A apple vs. coca cola
20/4/2024,2 magnificent stocks that have created many millionaires and will continue to make more
20/4/2024,apple generated %2423 billion of q1 2024 revenue from something other than hardware devices.
20/4/2024,artificial intelligence ai is lifting the smartphone market%3A 2 beaten down stocks to buy
20/4/2024,why meta platforms stock flopped on friday 0
19/4/2024,broader market retreats on middle east strife and tech stock weakness
19/4/2024,after hours most active for apr 19 2024 %3A mo aapl intc dvax qqq csco msft ni ko nem uber
19/4/2024,tsmc beats on q1 earnings shares fall%3A etfs in focus
19/4/2024,netflix nflx q1 earnings beat revenues rise y y on user gain
19/4/2024,are these beaten down sp 500 members worth a buy
19/4/2024,apple pulls out metas whatsapp threads from app store in china
19/4/2024,nvidia nvda a solid buy as it squashes bubble fears
19/4/2024,wall street favorites%3A 3 meme stocks with strong buy ratings for april 2024
19/4/2024,only have %24100 3 no brainer stocks to buy in april 2024
19/4/2024,apple just posted its largest single session pop in over 11 months after artificial
19/4/2024,68 of warren buffetts %24372 billion portfolio is invested in just 4 stocks
19/4/2024,warren buffett has over %2410 billion invested in 7 stocks. heres the best stock to buy
18/4/2024,magnificent 7 killers%3A 3 growth stocks ready to become wall streets new darlings
18/4/2024,nintendo emulator delta is available on ios app store for free
18/4/2024,forget dividends buy these 3 buyback behemoths instead
18/4/2024,apple stock is dead money according to 1 wall street analyst
18/4/2024,7 stocks poised to profit from the red hot job market
18/4/2024,notable etf inflow detected iwb msft aapl nvda
18/4/2024,massive news for apple stock investors
18/4/2024,guru fundamental report for aapl warren buffett 80
18/4/2024,is this magnificent seven stock a good contrarian buy
18/4/2024,worried about apple stock now that the companys lost the smartphone lead read this before
17/4/2024,maxim group initiates coverage of apple aapl with hold recommendation
17/4/2024,wall street favorites%3A 3 metaverse stocks with strong buy ratings for april 2024
17/4/2024,after hours most active for apr 17 2024 %3A bac grab tlt qqq aapl amzn zto cmcsa pump hlf
17/4/2024,2 underperforming ai stocks to buy now as nvidias rally stalls
17/4/2024,got %245000 these 3 growth stocks are on sale right now
17/4/2024,billionaire david tepper thinks the magnificent seven is really a fabulous five
17/4/2024,2 tech stocks for your april 2024 watch list
17/4/2024,technology sector update for 04 17 2024%3A asml wisa aapl xlk xsd
17/4/2024,apple considering production in indonesia
17/4/2024,1 analyst thinks apple stock will slide to %24162. is it a sell
17/4/2024,aapl factor based stock analysis warren buffett 15
17/4/2024,forget nvidia%3A consider these 2 millionaire maker stocks to buy instead
17/4/2024,this etf holds some great sustainability stocks
17/4/2024,masimo masi gains nearly 18 ytd%3A whats driving the rally
17/4/2024,better magnificent seven stock%3A apple vs. alphabet
17/4/2024,chamath palihapitiya says voice will be the front door for the next phase of artificial
17/4/2024,3 unstoppable growth etfs to turn %24100 per month into %24500000 or more
17/4/2024,how much money does warren buffett have invested in apple
17/4/2024,got %241000 these 3 artificial intelligence ai stocks are still a bargain
16/4/2024,stocks close mixed on hawkish fed comments
16/4/2024,apple aapl stock sinks as market gains%3A heres why
16/4/2024,author ethan mollick on 4 rules for using ai
16/4/2024,apple removes game boy emulator over intellectual property violation
16/4/2024,3 ai stocks to buy now%3A q2 edition
16/4/2024,stocks mixed as hawkish fed comments push bond yields higher
16/4/2024,brightcove bcov unveils new player platforms for media giants
16/4/2024,billionaire carl icahn has a whopping 62 of his portfolio in 1 stock
16/4/2024,stock market news for apr 16 2024
16/4/2024,aapl quantitative stock analysis warren buffett 16
16/4/2024,1 top cryptocurrency to buy before it soars 5000 according to cathie wood
16/4/2024,why i bought the dip in apple stock and you should too
16/4/2024,stock index futures tick lower ahead of u.s. economic data u.s. bank earnings and powell
16/4/2024,2 warren buffett stocks to hold forever 2
16/4/2024,should you invest in the ishares expanded tech sector etf igm 12
16/4/2024,should vanguard mega cap growth etf mgk be on your investing radar 12
16/4/2024,is wisdomtree u.s. total dividend etf dtd a strong etf right now 11
16/4/2024,apple%3A this beaten down magnificent seven stock could start soaring thanks to artificial 0
16/4/2024,apple%3A this beaten down magnificent seven stock could start soaring thanks to artificial
16/4/2024,3 warren buffett stocks to buy hand over fist
15/4/2024,stocks retreat on rising bond yields and weakness in megacap tech stocks
15/4/2024,after hours most active for apr 15 2024 %3A intc grab aapl f v amzn tsla smtc t btu beke pfe
15/4/2024,technology sector update for 04 15 2024%3A mstr blkb aapl snpo rezi
15/4/2024,iphone 16 pro camera to have new lens coating technology
15/4/2024,technology sector update for 04 15 2024%3A blkb aapl snpo rezi
15/4/2024,stocks move lower in afternoon trade
15/4/2024,roaring 20s reboot%3A ai to drive an unparalleled boom
15/4/2024,stocks rise but gains limited by rising bond yields
15/4/2024,stocks climb although iran israeli tensions remain high
15/4/2024,netflix nflx gears up for q1 earnings%3A whats in the cards 0
15/4/2024,nasdaq 100 movers%3A tsla meli
15/4/2024,dow movers%3A crm gs
15/4/2024,technology sector update for 04 15 2024%3A snpo rezi crm infa aapl xlk xsd
15/4/2024,option volatility and earnings report for april 15 19
15/4/2024,magnificent seven q1 earnings what to expect
15/4/2024,we did the math oef can go to %24267
15/4/2024,should spdr portfolio sp 500 etf splg be on your investing radar 13
15/4/2024,is john hancock multifactor large cap etf jhml a strong etf right now 11
15/4/2024,should ishares sp 100 etf oef be on your investing radar 11
15/4/2024,riding the ai wave%3A why microsoft stock remains a worthy portfolio play
15/4/2024,2 hypergrowth tech stocks to buy in 2024 and beyond 2
14/4/2024,wall street favorites%3A 3 magnificent 7 stocks with strong buy ratings for april 2024
14/4/2024,vix%3A wall streets fear signal says its buying season
14/4/2024,guru fundamental report for aapl warren buffett 79
14/4/2024,a once in a generation investment opportunity%3A 1 warren buffett and cathie wood artificial
14/4/2024,1 stock that turned %241000 into more than %241.7 million
14/4/2024,if youd invested %242000 in apple in 2011 this is how much you would have today
13/4/2024,3 millionaire maker artificial intelligence stocks
13/4/2024,is nvidia stock a buy 3
13/4/2024,3 red hot stocks with long term growth potential
13/4/2024,3 dow jones dividend stocks that are within 6 of their 52 week lows to buy now
13/4/2024,ai stocks%3A growing wealth in the dot com boom 2.0
13/4/2024,chip boom champions%3A 3 semiconductor stocks to quadruple your money
13/4/2024,1 unstoppable stock that could join nvidia microsoft apple amazon alphabet and meta in the
12/4/2024,got %243000 2 tech stocks to buy and hold for the long term 11
12/4/2024,stocks end sharply lower on war jitters in the middle east
12/4/2024,what stocks should you buy right now
12/4/2024,after hours most active for apr 12 2024 %3A intc t pfe hpe ief vz aapl pacb qqq mu v wfc
12/4/2024,technology sector update for 04 12 2024%3A aapl msft goog nxpl
12/4/2024,notable friday option activity%3A aapl oxy gs
12/4/2024,what nvidia stock investors should know about the latest artificial intelligence ai chip
12/4/2024,5 etfs leading the tech rebound%3A will the rally continue
12/4/2024,5 etfs leading the tech rebound%3A will the rally continue 0
12/4/2024,apple stock has 20 upside according to 1 wall street analyst
12/4/2024,magnificent seven etf mags hits new 52 week high
12/4/2024,should you invest in apple aapl based on bullish wall street views
12/4/2024,sp futures tick lower as investors digest big bank earnings
12/4/2024,stock market news for apr 12 2024
12/4/2024,price to earnings perfection%3A 3 stocks with ideal p e ratios
12/4/2024,warren buffett detailed fundamental analysis aapl 19
12/4/2024,sp futures tick lower as investors cautiously await u.s. big bank earnings
11/4/2024,3 giant tech stocks to buy in april and hold forever
11/4/2024,here are all 27 of warren buffetts billion dollar bets in berkshire hathaways %24370 billion
11/4/2024,technology stocks power the broader market higher
11/4/2024,technology sector update for 04 11 2024%3A aapl msft blkb amzn
11/4/2024,apple sends mercenary spyware attack alerts to users in 92 countries
11/4/2024,apple allows genuine used parts for iphone 15 repairs
11/4/2024,3 ai stocks to turn %2410000 into %241 million%3A april 2024
11/4/2024,all time high flyers%3A 7 stocks to buy as the market peaks
11/4/2024,how to profit from elon musks %2418 billion ai project
11/4/2024,ivv bles%3A big etf outflows
11/4/2024,2 defensive stocks to buy now as higher for longer woes rattle markets
11/4/2024,down 12 ytd is blackberry stock a buy
11/4/2024,tap taiwan semiconductor growth with these etfs
11/4/2024,is apple stock a buy ahead of its big ai reveal
11/4/2024,logitech logi unveils pro x 60 lightspeed gaming keyboard
11/4/2024,3 fantastic growth stocks that have turned %2410000 into %243 million in 20 years
11/4/2024,why you should wait for some dip before biting into apple stock
10/4/2024,guru fundamental report for aapl warren buffett 78
10/4/2024,soundhound ai could have a serious new competitor as openai dives into speech recognition.
10/4/2024,3 spectacular warren buffett stocks to buy now and hold forever
10/4/2024,3 best mega cap stocks for dividend investors
10/4/2024,iphone 16 is likely to be available in new colors with extra long battery life
10/4/2024,inflation panic creates a great buying opportunity in stocks
10/4/2024,1 ai software stock with 27 upside potential according to analysts
10/4/2024,apple doubles india iphone production to %2414 bln
10/4/2024,ishares sp 500 growth etf experiences big inflow 2
10/4/2024,apple stock has 33 upside according to 1 wall street analyst
10/4/2024,have solar energy stocks finally hit rock bottom
10/4/2024,here is what to know beyond why apple inc. aapl is a trending stock 9
10/4/2024,aapl factor based stock analysis warren buffett 14
10/4/2024,nvidia tops tesla flops among magnificent 7 in q1%3A heres why
10/4/2024,down 12 this year is apple stock a no brainer buy
10/4/2024,a once in a generation investment opportunity%3A 1 artificial intelligence ai stock to buy 0
10/4/2024,is goldman sachs activebeta world low vol plus equity etf glov a strong etf right now 7
10/4/2024,is it too late to buy apple stock 12
10/4/2024,robot overlords%3A 3 ai stocks to own before the machine uprising
9/4/2024,meet the only magnificent seven stock billionaire investors are absolutely piling into
9/4/2024,forget the magnificent seven all eyes should be on the fab four
9/4/2024,should you buy this under the radar warren buffett stock with %241000 right now
9/4/2024,competition for a.i. cpi delta q1 ahead of wednesdays open
9/4/2024,apple stock has 47 upside according to 1 wall street analyst
9/4/2024,after hours most active for apr 9 2024 %3A jd f lu bac iq aapl lyft qqq tsla cnq glw vno
9/4/2024,experts warn about apples fragile privacy settings
9/4/2024,why is apple stock going down and should you buy the dip
9/4/2024,is alphabet stock going to %24185 1 wall street analyst thinks so
9/4/2024,zacks value trader highlights%3A international business machines bank of america amazon.com
9/4/2024,aapl quantitative stock analysis warren buffett 15
9/4/2024,is visa stock a buy 6
9/4/2024,3 stocks that can help you get richer in 2024
9/4/2024,down over 10 this year is it time to buy apple stock
9/4/2024,should you buy the dip in apple stock 0
8/4/2024,the bull run in nvidia stock has only just begun. heres why.
8/4/2024,1 unstoppable growth stock to buy with %241000 right now
8/4/2024,1 artificial intelligence ai stock that could make you a millionaire
8/4/2024,the most costly investing lesson i ever learned also became the most valuable
8/4/2024,meet the cheapest magnificent seven stock according to these key financial metrics
8/4/2024,apple aapl suffers a larger drop than the general market%3A key insights
8/4/2024,apple to allow retro game emulators on app store
8/4/2024,if you can only buy one magnificent 7 stock in april it better be one of these 3 names
8/4/2024,apple strikes deal with shutterstock for ai image training
8/4/2024,could apple help you retire a millionaire
8/4/2024,5 favorite sector etfs of q1 earnings
8/4/2024,3 biggest value investing mistakes
8/4/2024,alphabet googl boosts google wallet app with new feature
7/4/2024,these etfs are homes to an array of famed stocks
7/4/2024,should you buy apple stock instead of microsoft stock
7/4/2024,is ishares core sp u.s. growth etf iusg a strong etf right now 12
7/4/2024,2 artificial intelligence ai stocks you can buy and hold for the next decade 3
7/4/2024,almost half of warren buffetts %24369 billion portfolio is invested in only 1 stock
6/4/2024,3 low beta high reward stocks that have more room to run
6/4/2024,nvidia stock is like cisco stock before the dot com crash there are big holes in this
6/4/2024,guru fundamental report for aapl warren buffett 77
6/4/2024,1 top buffett stock to buy and hold for the long haul
6/4/2024,forget nvidia%3A here are 3 magnificent seven stocks wall street thinks will soar more
5/4/2024,the apple antitrust fallout%3A 3 stocks poised to capitalize on the chaos
5/4/2024,apple winds down spending in 1 key area where meta has been surprisingly transparent
5/4/2024,berkshire hathaway stock%3A buy sell or hold 0
5/4/2024,should you buy nvidia favorite soundhound ai stock
5/4/2024,should you buy nvidia favorite soundhound ai stock
5/4/2024,building wealth early%3A 3 stocks every young investor should own
5/4/2024,the 3 best warren buffett stocks to buy in april 2024
5/4/2024,notable friday option activity%3A aapl fdx avy
4/4/2024,nike stock 2025 forecast%3A is nke a good long term buy
4/4/2024,1 wall street analyst thinks this magnificent seven stock is going to %24220. is it a buy
4/4/2024,warren buffett detailed fundamental analysis aapl 18
4/4/2024,3 strong buy ar stocks to add to your q2 must watch list
4/4/2024,forget apple%3A warren buffett has spent twice as much buying shares of this beloved stock
4/4/2024,these 2 magnificent seven stocks are in the spotlight for all the wrong reasons
4/4/2024,smart money favorites%3A 3 stocks top money managers cant live without
4/4/2024,apple reportedly exploring ai robotics projects
4/4/2024,value vault%3A 3 stocks that dominate this investing icons portfolio
4/4/2024,leaked iphone 16 images show significant design changes
4/4/2024,3 ai stocks that will leave nvidia in the dust
4/4/2024,apple restores services after massive outage worldwide
4/4/2024,the trillion dollar club%3A 3 tech stocks poised to join the elite group
4/4/2024,alphabet googl bolsters pixel watch series with latest move
4/4/2024,cashing in on the bitcoin bounce%3A 3 stocks to buy for indirect crypto exposure
4/4/2024,may 24th options now available for apple aapl
4/4/2024,roku collaborates with nba to introduce latest fast channel
4/4/2024,technology sector update for 04 04 2024%3A xlk xsd slp meta aapl
4/4/2024,has apple vision pro already flopped
4/4/2024,guru fundamental report for aapl warren buffett 76
4/4/2024,hidden gem alert%3A why baidu stock is a bargain buy for savvy investors
4/4/2024,underpriced gems%3A 3 semiconductor stocks too cheap to ignore
4/4/2024,should schwab fundamental u.s. large company index etf fndx be on your investing radar 13
4/4/2024,7 nancy pelosi stocks still worth buying in q2
4/4/2024,nose bleed section%3A 3 stocks priced above %241000 and worth it
4/4/2024,ivv fdtb%3A big etf inflows
3/4/2024,up 19 ytd how high can amazon stock go in 2024
3/4/2024,royal returns%3A 3 dividend aristocrat bank stocks for income investors
3/4/2024,aapl factor based stock analysis warren buffett 13
3/4/2024,under the microscope%3A can apple stock thrive under regulatory scrutiny
3/4/2024,should wisdomtree u.s. largecap dividend etf dln be on your investing radar 12
3/4/2024,should vanguard russell 1000 growth etf vong be on your investing radar 12
3/4/2024,is proshares sp technology dividend aristocrats etf tdv a strong etf right now 3
3/4/2024,1 magnificent seven stock to buy hand over fist in april and 1 to avoid like the plague
3/4/2024,2 no brainer warren buffett stocks to buy right now 2
3/4/2024,where will apple stock be in 3 years 7
3/4/2024,3 blue chip stock gems to buy for under %24500 in april
3/4/2024,after hours most active for apr 2 2024 %3A vfc xray foxf aapl t ctsh lyft amzn solv bac baba
2/4/2024,leaked ios 18 reveals visionos inspired redesign%3A macrumors
2/4/2024,fsd is incredible but tesla has a massive flaw autonomy cant overcome
2/4/2024,qqq msft aapl nvda%3A large inflows detected at etf
2/4/2024,aapl quantitative stock analysis warren buffett 14
2/4/2024,scorching hot%3A 3 nasdaq ai stocks to buy now
2/4/2024,should you invest in the fidelity msci information technology index etf ftec 11
2/4/2024,2 artificial intelligence stocks you can buy and hold for the next decade 7
2/4/2024,when you look back in 5 years youll wish youd bought this trillion dollar artificial 0
2/4/2024,why advanced micro devices stock will outrun and outshine nvidia
2/4/2024,buy amazon stock now for continued growth and diversification
2/4/2024,the zacks analyst blog highlights apple nvidia eli lilly american tower and mckesson
2/4/2024,is it too late to buy eli lilly stock 5
2/4/2024,apple aapl falls more steeply than broader market%3A what investors need to know
1/4/2024,the best case scenarios for the magnificent 7 stocks in 2024
1/4/2024,3 reasons to buy super micro computer stock right now
1/4/2024,earnings overreaction%3A 3 stocks ready to rally when investors realize their mistake
1/4/2024,after hours most active for apr 1 2024 %3A rtx kim hlf cvs solv aapl intc amzn csco aem qqq
1/4/2024,this magnificent 7 stock could rise another 24
1/4/2024,top stock reports for apple nvidia eli lilly
1/4/2024,1 magnificent sp dividend stock down 12 to buy and hold forever
1/4/2024,netflix nflx unveils the seven dials mystery by chris chibnall
1/4/2024,heres the best magnificent seven stock to buy in april according to wall street
1/4/2024,3 top artificial intelligence ai stocks to buy hand over fist in april
1/4/2024,warren buffett has %24157 billion invested in these 2 magnificent seven artificial
31/3/2024,guru fundamental report for aapl warren buffett 75
31/3/2024,spring cleaning%3A 3 stocks to say goodbye to right now
31/3/2024,1 stock that could outperform the sp 500 with less risk according to warren buffett
31/3/2024,heres how much dividend income youd make by investing %2470000 in the magnificent seven
31/3/2024,is it safe to buy stocks with the sp 500 at a record high warren buffetts advice could
31/3/2024,warren buffett has %24159 billion invested in these 8 artificial intelligence ai stocks
31/3/2024,will asml be worth more than apple by 2030
31/3/2024,are nike lululemon apple tesla and starbucks waving a red flag for the stock market
30/3/2024,will artificial intelligence ai allow nvidia to crush apple and microsoft and become the
30/3/2024,should you buy this magnificent seven stock despite regulatory headwinds
30/3/2024,3 magnificent stocks that im never selling
30/3/2024,what chipotles mega stock split tells investors
30/3/2024,better magnificent seven stock%3A apple or tesla
30/3/2024,intels lunar lake could be a threat to apples macbooks
30/3/2024,forget apple%3A i think this stock should replace it in the magnificent seven
30/3/2024,techs tectonic shifts%3A how google remains a buy in the cloud czar era
30/3/2024,the ftc vs. apples walled garden
30/3/2024,which magnificent seven stocks are attracting more of the big money
29/3/2024,will warren buffett sell more apple stock because of the doj antitrust lawsuit and should
29/3/2024,with china ev launch xiaomis thor takes on elon musk
29/3/2024,is trending stock apple inc. aapl a buy now 9
29/3/2024,warren buffett detailed fundamental analysis aapl 17
29/3/2024,are the magnificent seven too expensive to buy
29/3/2024,the magnificent seven stocks ranked from best to worst performance over time
29/3/2024,should schwab u.s. large cap growth etf schg be on your investing radar 6
29/3/2024,is schwab fundamental u.s. broad market index etf fndb a strong etf right now 12
28/3/2024,warren buffett is raking in %244.36 billion in annual dividend income from these 5 stocks
28/3/2024,7 blue chip stocks to buy at a 52 week low in march
28/3/2024,sp 500 posts a record high on optimism the fed can achieve a soft landing
28/3/2024,graphic how the us stock market rocketed through the first quarter
28/3/2024,after hours most active for mar 28 2024 %3A roiv run cpe aapl jd beke msft apa mpc jci wmt
28/3/2024,boe likely to supply oled panels for iphone se 4
28/3/2024,technology sector update for 03 28 2024%3A pltr bb aapl spot
28/3/2024,noteworthy thursday option activity%3A mttr aapl oxy
28/3/2024,apples new ipad pro likely to launch in may ramps up overseas production bloomberg news
28/3/2024,california asks us court to toss challenge to state climate disclosure laws
28/3/2024,technology sector update for 03 28 2024%3A aapl spot vmeo
28/3/2024,stocks pressured by hawkish statement by a fed official
28/3/2024,stocks see support from improved soft landing prospects
28/3/2024,dow movers%3A aapl vz
28/3/2024,xiaomi enters challenging chinese auto market with %2429870 electric car
28/3/2024,chinas byd slows down plans for ev factory in vietnam industrial park says
28/3/2024,guru fundamental report for aapl warren buffett 74
28/3/2024,the top 2 dividend payers from 2023 were both tech giants
28/3/2024,the biggest bear case for this top warren buffett stock
28/3/2024,global smartphone market set to rebound in 2024 report says
28/3/2024,prediction%3A this will be the next magnificent seven stock
